model	original_text	simplified_text
run_0_BioMistral-7B-SLERP.Q4_K_M.gguf	Eine wahnhafte Störung ist durch die Entwicklung eines Wahnsymptoms oder einer Reihe zusammenhängender Wahnsymptome gekennzeichnet, die in der Regel mindestens drei Monate und oft viel länger anhalten, ohne dass eine depressive, manische oder gemischte Episode vorliegt. Der Inhalt der Wahnvorstellungen variiert von Person zu Person, ist aber in der Regel innerhalb einer Person stabil, auch wenn sie sich im Laufe der Zeit weiterentwickeln können. Andere charakteristische Symptome der Schizophrenie (d. h. deutliche und anhaltende Halluzinationen, Negativsymptome, desorganisiertes Denken oder Beeinflussungserleben) sind nicht vorhanden, obwohl verschiedene Formen von Wahrnehmungsstörungen (z. B. Halluzinationen, Illusionen, Personenverkennung), die thematisch mit dem Wahn zusammenhängen, dennoch mit der Diagnose vereinbar sind. Abgesehen von Handlungen und Einstellungen, die direkt mit der Wahnvorstellung oder dem Wahnsystem zusammenhängen, sind Affekt, Sprache und Verhalten in der Regel nicht beeinträchtigt. Die Symptome sind nicht Ausdruck einer anderen Erkrankung (z. B. eines Hirntumors) und sind nicht auf die Wirkung einer Substanz oder eines Medikaments auf das zentrale Nervensystem (z. B. Kortikosteroide) zurückzuführen, auch nicht auf Entzugserscheinungen (z. B. Alkoholentzug). Alle definitorischen Anforderungen für eine wahnhafte Störung in Bezug auf Symptome und Dauer sind derzeit erfüllt oder wurden innerhalb des letzten Monats erfüllt. Alle definitorischen Anforderungen für eine wahnhafte Störung in Bezug auf Symptome und Dauer wurden zuvor erfüllt. Die Symptome haben sich so weit gebessert, dass die diagnostischen Anforderungen für die Störung seit mindestens einem Monat nicht mehr erfüllt sind, aber einige klinisch bedeutsame Symptome verbleiben, die mit funktionellen Beeinträchtigungen verbunden sein können oder auch nicht. Die Teilremission kann als Reaktion auf eine medikamentöse oder andere Behandlung eingetreten sein. Alle definitorischen Anforderungen für eine wahnhafte Störung in Bezug auf Symptome und Dauer wurden zuvor erfüllt. Die Symptome haben sich so weit zurückgebildet, dass keine bedeutsamen Symptome mehr vorhanden sind. Die Remission kann als Reaktion auf eine medikamentöse oder andere Behandlung eingetreten sein.	Eine wahnhafte Störung ist eine Krankheit, bei der jemand einen Wahn hat, der mindestens drei Monate lang anhält und nicht auf eine Depression oder Manie zurückzuführen ist. Ein Wahn ist eine Überzeugung, die nicht mit der Wirklichkeit übereinstimmt. Der Inhalt des Wahns kann von Person zu Person unterschiedlich sein, aber er bleibt innerhalb einer Person stabil, auch wenn er sich im Laufe der Zeit weiterentwickeln kann. Andere Symptome der Schizophrenie wie Halluzinationen, eine schwere Veränderung des Denkens oder der Persönlichkeit oder das Gefühl, kontrolliert oder beeinflusst zu werden, sind nicht vorhanden. Die Sprache, das Verhalten und die Emotionen sind nicht beeinträchtigt. Die Krank
run_1_BioMistral-7B-SLERP.Q4_K_M.gguf	Eine wahnhafte Störung ist durch die Entwicklung eines Wahnsymptoms oder einer Reihe zusammenhängender Wahnsymptome gekennzeichnet, die in der Regel mindestens drei Monate und oft viel länger anhalten, ohne dass eine depressive, manische oder gemischte Episode vorliegt. Der Inhalt der Wahnvorstellungen variiert von Person zu Person, ist aber in der Regel innerhalb einer Person stabil, auch wenn sie sich im Laufe der Zeit weiterentwickeln können. Andere charakteristische Symptome der Schizophrenie (d. h. deutliche und anhaltende Halluzinationen, Negativsymptome, desorganisiertes Denken oder Beeinflussungserleben) sind nicht vorhanden, obwohl verschiedene Formen von Wahrnehmungsstörungen (z. B. Halluzinationen, Illusionen, Personenverkennung), die thematisch mit dem Wahn zusammenhängen, dennoch mit der Diagnose vereinbar sind. Abgesehen von Handlungen und Einstellungen, die direkt mit der Wahnvorstellung oder dem Wahnsystem zusammenhängen, sind Affekt, Sprache und Verhalten in der Regel nicht beeinträchtigt. Die Symptome sind nicht Ausdruck einer anderen Erkrankung (z. B. eines Hirntumors) und sind nicht auf die Wirkung einer Substanz oder eines Medikaments auf das zentrale Nervensystem (z. B. Kortikosteroide) zurückzuführen, auch nicht auf Entzugserscheinungen (z. B. Alkoholentzug). Alle definitorischen Anforderungen für eine wahnhafte Störung in Bezug auf Symptome und Dauer sind derzeit erfüllt oder wurden innerhalb des letzten Monats erfüllt. Alle definitorischen Anforderungen für eine wahnhafte Störung in Bezug auf Symptome und Dauer wurden zuvor erfüllt. Die Symptome haben sich so weit gebessert, dass die diagnostischen Anforderungen für die Störung seit mindestens einem Monat nicht mehr erfüllt sind, aber einige klinisch bedeutsame Symptome verbleiben, die mit funktionellen Beeinträchtigungen verbunden sein können oder auch nicht. Die Teilremission kann als Reaktion auf eine medikamentöse oder andere Behandlung eingetreten sein. Alle definitorischen Anforderungen für eine wahnhafte Störung in Bezug auf Symptome und Dauer wurden zuvor erfüllt. Die Symptome haben sich so weit zurückgebildet, dass keine bedeutsamen Symptome mehr vorhanden sind. Die Remission kann als Reaktion auf eine medikamentöse oder andere Behandlung eingetreten sein.	Die wahnhafte Störung wird durch das Auftreten eines Wahn-Symptoms oder einer Reihe zusammenhängender Wahn-Symptome gekennzeichnet, die mindestens drei Monate und oft viel länger anhalten, ohne dass eine Depression, Manie oder eine gemischte Episode vorliegt. Der Inhalt der Wahnvorstellungen kann von Person zu Person unterschiedlich sein, ist aber in der Regel innerhalb einer Person stabil, auch wenn sie sich im Laufe der Zeit weiterentwickeln können. Andere charakteristische Symptome der Schizophrenie (z. B. deutliche und anhaltende Halluzinationen, Negativsymptome, desorganisiertes Denken oder Beeinflussungserleben) sind nicht vorhanden, obwohl verschiedene Formen von Wahrnehmungsstörungen
run_2_BioMistral-7B-SLERP.Q4_K_M.gguf	Eine wahnhafte Störung ist durch die Entwicklung eines Wahnsymptoms oder einer Reihe zusammenhängender Wahnsymptome gekennzeichnet, die in der Regel mindestens drei Monate und oft viel länger anhalten, ohne dass eine depressive, manische oder gemischte Episode vorliegt. Der Inhalt der Wahnvorstellungen variiert von Person zu Person, ist aber in der Regel innerhalb einer Person stabil, auch wenn sie sich im Laufe der Zeit weiterentwickeln können. Andere charakteristische Symptome der Schizophrenie (d. h. deutliche und anhaltende Halluzinationen, Negativsymptome, desorganisiertes Denken oder Beeinflussungserleben) sind nicht vorhanden, obwohl verschiedene Formen von Wahrnehmungsstörungen (z. B. Halluzinationen, Illusionen, Personenverkennung), die thematisch mit dem Wahn zusammenhängen, dennoch mit der Diagnose vereinbar sind. Abgesehen von Handlungen und Einstellungen, die direkt mit der Wahnvorstellung oder dem Wahnsystem zusammenhängen, sind Affekt, Sprache und Verhalten in der Regel nicht beeinträchtigt. Die Symptome sind nicht Ausdruck einer anderen Erkrankung (z. B. eines Hirntumors) und sind nicht auf die Wirkung einer Substanz oder eines Medikaments auf das zentrale Nervensystem (z. B. Kortikosteroide) zurückzuführen, auch nicht auf Entzugserscheinungen (z. B. Alkoholentzug). Alle definitorischen Anforderungen für eine wahnhafte Störung in Bezug auf Symptome und Dauer sind derzeit erfüllt oder wurden innerhalb des letzten Monats erfüllt. Alle definitorischen Anforderungen für eine wahnhafte Störung in Bezug auf Symptome und Dauer wurden zuvor erfüllt. Die Symptome haben sich so weit gebessert, dass die diagnostischen Anforderungen für die Störung seit mindestens einem Monat nicht mehr erfüllt sind, aber einige klinisch bedeutsame Symptome verbleiben, die mit funktionellen Beeinträchtigungen verbunden sein können oder auch nicht. Die Teilremission kann als Reaktion auf eine medikamentöse oder andere Behandlung eingetreten sein. Alle definitorischen Anforderungen für eine wahnhafte Störung in Bezug auf Symptome und Dauer wurden zuvor erfüllt. Die Symptome haben sich so weit zurückgebildet, dass keine bedeutsamen Symptome mehr vorhanden sind. Die Remission kann als Reaktion auf eine medikamentöse oder andere Behandlung eingetreten sein.	Eine wahnhafte Störung ist eine Krankheit, bei der jemand über einen längeren Zeitraum eine Wahnvorstellung hat, die nicht auf eine Depression oder Manie zurückzuführen ist. Diese Vorstellung kann sich über einen längeren Zeitraum nicht ändern. Andere Symptome der Schizophrenie wie Hör- oder Sehfühlungen, Verhaltensänderungen oder Denkprobleme können vorhanden sein, aber nicht so stark, dass sie die Funktionen des Menschen beeinträchtigen. Diese Krankheit ist nicht auf eine andere Krankheit oder auf eine Medikamenteneinnahme zurückzuführen. Die Symptome sind nicht so stark, dass sie die Funktionen des Menschen beeinträchtigen. Die Krankheit ist jetzt nicht mehr vorhanden.
run_3_BioMistral-7B-SLERP.Q4_K_M.gguf	Eine wahnhafte Störung ist durch die Entwicklung eines Wahnsymptoms oder einer Reihe zusammenhängender Wahnsymptome gekennzeichnet, die in der Regel mindestens drei Monate und oft viel länger anhalten, ohne dass eine depressive, manische oder gemischte Episode vorliegt. Der Inhalt der Wahnvorstellungen variiert von Person zu Person, ist aber in der Regel innerhalb einer Person stabil, auch wenn sie sich im Laufe der Zeit weiterentwickeln können. Andere charakteristische Symptome der Schizophrenie (d. h. deutliche und anhaltende Halluzinationen, Negativsymptome, desorganisiertes Denken oder Beeinflussungserleben) sind nicht vorhanden, obwohl verschiedene Formen von Wahrnehmungsstörungen (z. B. Halluzinationen, Illusionen, Personenverkennung), die thematisch mit dem Wahn zusammenhängen, dennoch mit der Diagnose vereinbar sind. Abgesehen von Handlungen und Einstellungen, die direkt mit der Wahnvorstellung oder dem Wahnsystem zusammenhängen, sind Affekt, Sprache und Verhalten in der Regel nicht beeinträchtigt. Die Symptome sind nicht Ausdruck einer anderen Erkrankung (z. B. eines Hirntumors) und sind nicht auf die Wirkung einer Substanz oder eines Medikaments auf das zentrale Nervensystem (z. B. Kortikosteroide) zurückzuführen, auch nicht auf Entzugserscheinungen (z. B. Alkoholentzug). Alle definitorischen Anforderungen für eine wahnhafte Störung in Bezug auf Symptome und Dauer sind derzeit erfüllt oder wurden innerhalb des letzten Monats erfüllt. Alle definitorischen Anforderungen für eine wahnhafte Störung in Bezug auf Symptome und Dauer wurden zuvor erfüllt. Die Symptome haben sich so weit gebessert, dass die diagnostischen Anforderungen für die Störung seit mindestens einem Monat nicht mehr erfüllt sind, aber einige klinisch bedeutsame Symptome verbleiben, die mit funktionellen Beeinträchtigungen verbunden sein können oder auch nicht. Die Teilremission kann als Reaktion auf eine medikamentöse oder andere Behandlung eingetreten sein. Alle definitorischen Anforderungen für eine wahnhafte Störung in Bezug auf Symptome und Dauer wurden zuvor erfüllt. Die Symptome haben sich so weit zurückgebildet, dass keine bedeutsamen Symptome mehr vorhanden sind. Die Remission kann als Reaktion auf eine medikamentöse oder andere Behandlung eingetreten sein.	Eine wahnhafte Störung ist eine Krankheit, bei der jemand einen Wahn hat, der mindestens drei Monate lang anhält. Es gibt verschiedene Arten von Wahn, aber der Inhalt der Wahnvorstellung ist meistens für einen Menschen festgelegt und kann sich nur langsam ändern. Andere Symptome wie Halluzinationen oder Negativsymptome sind nicht vorhanden. Die Symptome sind nicht auf eine andere Krankheit oder auf die Wirkung von Medikamenten oder Substanzen zurückzuführen. Die Symptome sind nicht auf eine andere Krankheit oder auf die Wirkung von Medikamenten oder Substanzen zurückzuführen. Die Symptome sind nicht auf eine andere Krankheit oder auf die Wirkung von Medikamenten oder Substanzen zurückzuführen. Die Sym
run_4_BioMistral-7B-SLERP.Q4_K_M.gguf	Eine wahnhafte Störung ist durch die Entwicklung eines Wahnsymptoms oder einer Reihe zusammenhängender Wahnsymptome gekennzeichnet, die in der Regel mindestens drei Monate und oft viel länger anhalten, ohne dass eine depressive, manische oder gemischte Episode vorliegt. Der Inhalt der Wahnvorstellungen variiert von Person zu Person, ist aber in der Regel innerhalb einer Person stabil, auch wenn sie sich im Laufe der Zeit weiterentwickeln können. Andere charakteristische Symptome der Schizophrenie (d. h. deutliche und anhaltende Halluzinationen, Negativsymptome, desorganisiertes Denken oder Beeinflussungserleben) sind nicht vorhanden, obwohl verschiedene Formen von Wahrnehmungsstörungen (z. B. Halluzinationen, Illusionen, Personenverkennung), die thematisch mit dem Wahn zusammenhängen, dennoch mit der Diagnose vereinbar sind. Abgesehen von Handlungen und Einstellungen, die direkt mit der Wahnvorstellung oder dem Wahnsystem zusammenhängen, sind Affekt, Sprache und Verhalten in der Regel nicht beeinträchtigt. Die Symptome sind nicht Ausdruck einer anderen Erkrankung (z. B. eines Hirntumors) und sind nicht auf die Wirkung einer Substanz oder eines Medikaments auf das zentrale Nervensystem (z. B. Kortikosteroide) zurückzuführen, auch nicht auf Entzugserscheinungen (z. B. Alkoholentzug). Alle definitorischen Anforderungen für eine wahnhafte Störung in Bezug auf Symptome und Dauer sind derzeit erfüllt oder wurden innerhalb des letzten Monats erfüllt. Alle definitorischen Anforderungen für eine wahnhafte Störung in Bezug auf Symptome und Dauer wurden zuvor erfüllt. Die Symptome haben sich so weit gebessert, dass die diagnostischen Anforderungen für die Störung seit mindestens einem Monat nicht mehr erfüllt sind, aber einige klinisch bedeutsame Symptome verbleiben, die mit funktionellen Beeinträchtigungen verbunden sein können oder auch nicht. Die Teilremission kann als Reaktion auf eine medikamentöse oder andere Behandlung eingetreten sein. Alle definitorischen Anforderungen für eine wahnhafte Störung in Bezug auf Symptome und Dauer wurden zuvor erfüllt. Die Symptome haben sich so weit zurückgebildet, dass keine bedeutsamen Symptome mehr vorhanden sind. Die Remission kann als Reaktion auf eine medikamentöse oder andere Behandlung eingetreten sein.	Eine wahnhafte Störung ist eine Krankheit, bei der sich jemand für einen längeren Zeitraum (mindestens drei Monate) ein Wahnvorstellung macht, das ist eine Art falsche Überzeugung oder Vorstellung, die nicht mit der Wirklichkeit übereinstimmt. Diese Vorstellung kann sich innerhalb eines Menschen nicht sehr viel ändern, auch wenn sie sich im Laufe der Zeit weiterentwickeln kann. Andere Symptome wie Halluzinationen, Verhaltensänderungen oder Sprachstörungen sind nicht vorhanden. Die Krankheit ist nicht der Folge einer anderen Krankheit oder einer Substanzvergiftung. Die Symptome sind nicht auf eine andere Ursache zurückzuführen, auch nicht auf Entzugserscheinungen. Die Krankheit wird heute als wahnhafte Stör
run_5_BioMistral-7B-SLERP.Q4_K_M.gguf	Eine wahnhafte Störung ist durch die Entwicklung eines Wahnsymptoms oder einer Reihe zusammenhängender Wahnsymptome gekennzeichnet, die in der Regel mindestens drei Monate und oft viel länger anhalten, ohne dass eine depressive, manische oder gemischte Episode vorliegt. Der Inhalt der Wahnvorstellungen variiert von Person zu Person, ist aber in der Regel innerhalb einer Person stabil, auch wenn sie sich im Laufe der Zeit weiterentwickeln können. Andere charakteristische Symptome der Schizophrenie (d. h. deutliche und anhaltende Halluzinationen, Negativsymptome, desorganisiertes Denken oder Beeinflussungserleben) sind nicht vorhanden, obwohl verschiedene Formen von Wahrnehmungsstörungen (z. B. Halluzinationen, Illusionen, Personenverkennung), die thematisch mit dem Wahn zusammenhängen, dennoch mit der Diagnose vereinbar sind. Abgesehen von Handlungen und Einstellungen, die direkt mit der Wahnvorstellung oder dem Wahnsystem zusammenhängen, sind Affekt, Sprache und Verhalten in der Regel nicht beeinträchtigt. Die Symptome sind nicht Ausdruck einer anderen Erkrankung (z. B. eines Hirntumors) und sind nicht auf die Wirkung einer Substanz oder eines Medikaments auf das zentrale Nervensystem (z. B. Kortikosteroide) zurückzuführen, auch nicht auf Entzugserscheinungen (z. B. Alkoholentzug). Alle definitorischen Anforderungen für eine wahnhafte Störung in Bezug auf Symptome und Dauer sind derzeit erfüllt oder wurden innerhalb des letzten Monats erfüllt. Alle definitorischen Anforderungen für eine wahnhafte Störung in Bezug auf Symptome und Dauer wurden zuvor erfüllt. Die Symptome haben sich so weit gebessert, dass die diagnostischen Anforderungen für die Störung seit mindestens einem Monat nicht mehr erfüllt sind, aber einige klinisch bedeutsame Symptome verbleiben, die mit funktionellen Beeinträchtigungen verbunden sein können oder auch nicht. Die Teilremission kann als Reaktion auf eine medikamentöse oder andere Behandlung eingetreten sein. Alle definitorischen Anforderungen für eine wahnhafte Störung in Bezug auf Symptome und Dauer wurden zuvor erfüllt. Die Symptome haben sich so weit zurückgebildet, dass keine bedeutsamen Symptome mehr vorhanden sind. Die Remission kann als Reaktion auf eine medikamentöse oder andere Behandlung eingetreten sein.	Eine wahnhafte Störung ist eine Krankheit, bei der jemand Wahnvorstellungen hat, die mindestens drei Monate lang anhalten. Diese Wahnvorstellungen können sich über lange Zeit nicht ändern, aber sich weiterentwickeln können. Andere Krankheitszeichen wie Halluzinationen, Verhaltensänderungen oder Sprachstörungen sind nicht vorhanden. Die Krankheit ist nicht auf eine andere Krankheit zurückzuführen, wie beispielsweise einen Hirntumor oder eine Substanzabhängigkeit. Die Krankheit ist nicht auf die Wirkung von Medikamenten oder anderen Substanzen zurückzuführen. Die Krankheit ist nicht auf Entzugserscheinungen zurückzuführen, wie beispielsweise einen Alkoholentzug. Die Krankheit ist jet
run_6_BioMistral-7B-SLERP.Q4_K_M.gguf	Eine wahnhafte Störung ist durch die Entwicklung eines Wahnsymptoms oder einer Reihe zusammenhängender Wahnsymptome gekennzeichnet, die in der Regel mindestens drei Monate und oft viel länger anhalten, ohne dass eine depressive, manische oder gemischte Episode vorliegt. Der Inhalt der Wahnvorstellungen variiert von Person zu Person, ist aber in der Regel innerhalb einer Person stabil, auch wenn sie sich im Laufe der Zeit weiterentwickeln können. Andere charakteristische Symptome der Schizophrenie (d. h. deutliche und anhaltende Halluzinationen, Negativsymptome, desorganisiertes Denken oder Beeinflussungserleben) sind nicht vorhanden, obwohl verschiedene Formen von Wahrnehmungsstörungen (z. B. Halluzinationen, Illusionen, Personenverkennung), die thematisch mit dem Wahn zusammenhängen, dennoch mit der Diagnose vereinbar sind. Abgesehen von Handlungen und Einstellungen, die direkt mit der Wahnvorstellung oder dem Wahnsystem zusammenhängen, sind Affekt, Sprache und Verhalten in der Regel nicht beeinträchtigt. Die Symptome sind nicht Ausdruck einer anderen Erkrankung (z. B. eines Hirntumors) und sind nicht auf die Wirkung einer Substanz oder eines Medikaments auf das zentrale Nervensystem (z. B. Kortikosteroide) zurückzuführen, auch nicht auf Entzugserscheinungen (z. B. Alkoholentzug). Alle definitorischen Anforderungen für eine wahnhafte Störung in Bezug auf Symptome und Dauer sind derzeit erfüllt oder wurden innerhalb des letzten Monats erfüllt. Alle definitorischen Anforderungen für eine wahnhafte Störung in Bezug auf Symptome und Dauer wurden zuvor erfüllt. Die Symptome haben sich so weit gebessert, dass die diagnostischen Anforderungen für die Störung seit mindestens einem Monat nicht mehr erfüllt sind, aber einige klinisch bedeutsame Symptome verbleiben, die mit funktionellen Beeinträchtigungen verbunden sein können oder auch nicht. Die Teilremission kann als Reaktion auf eine medikamentöse oder andere Behandlung eingetreten sein. Alle definitorischen Anforderungen für eine wahnhafte Störung in Bezug auf Symptome und Dauer wurden zuvor erfüllt. Die Symptome haben sich so weit zurückgebildet, dass keine bedeutsamen Symptome mehr vorhanden sind. Die Remission kann als Reaktion auf eine medikamentöse oder andere Behandlung eingetreten sein.	Eine wahnhafte Störung ist durch das Auftreten eines Wahnsymptoms oder einer Reihe zusammenhängender Wahnsymptome gekennzeichnet, die mindestens drei Monate lang anhalten und sich nicht auf eine Depression, Manie oder eine gemischte Episode beschränken. Der Inhalt der Wahnvorstellungen kann sich von Person zu Person unterscheiden, ist aber in der Regel innerhalb einer Person stabil. Es können aber auch Wahrnehmungsstörungen (z. B. Halluzinationen, Illusionen, Personenverkennung) auftreten, die mit dem Wahn zusammenhängen. Abgesehen von Handlungen und Einstellungen, die direkt mit der Wahnvorstellung oder dem Wahnsystem zusammenhängen, sind Affekt, Sprache und Verhalten in der Regel nicht
run_7_BioMistral-7B-SLERP.Q4_K_M.gguf	Eine wahnhafte Störung ist durch die Entwicklung eines Wahnsymptoms oder einer Reihe zusammenhängender Wahnsymptome gekennzeichnet, die in der Regel mindestens drei Monate und oft viel länger anhalten, ohne dass eine depressive, manische oder gemischte Episode vorliegt. Der Inhalt der Wahnvorstellungen variiert von Person zu Person, ist aber in der Regel innerhalb einer Person stabil, auch wenn sie sich im Laufe der Zeit weiterentwickeln können. Andere charakteristische Symptome der Schizophrenie (d. h. deutliche und anhaltende Halluzinationen, Negativsymptome, desorganisiertes Denken oder Beeinflussungserleben) sind nicht vorhanden, obwohl verschiedene Formen von Wahrnehmungsstörungen (z. B. Halluzinationen, Illusionen, Personenverkennung), die thematisch mit dem Wahn zusammenhängen, dennoch mit der Diagnose vereinbar sind. Abgesehen von Handlungen und Einstellungen, die direkt mit der Wahnvorstellung oder dem Wahnsystem zusammenhängen, sind Affekt, Sprache und Verhalten in der Regel nicht beeinträchtigt. Die Symptome sind nicht Ausdruck einer anderen Erkrankung (z. B. eines Hirntumors) und sind nicht auf die Wirkung einer Substanz oder eines Medikaments auf das zentrale Nervensystem (z. B. Kortikosteroide) zurückzuführen, auch nicht auf Entzugserscheinungen (z. B. Alkoholentzug). Alle definitorischen Anforderungen für eine wahnhafte Störung in Bezug auf Symptome und Dauer sind derzeit erfüllt oder wurden innerhalb des letzten Monats erfüllt. Alle definitorischen Anforderungen für eine wahnhafte Störung in Bezug auf Symptome und Dauer wurden zuvor erfüllt. Die Symptome haben sich so weit gebessert, dass die diagnostischen Anforderungen für die Störung seit mindestens einem Monat nicht mehr erfüllt sind, aber einige klinisch bedeutsame Symptome verbleiben, die mit funktionellen Beeinträchtigungen verbunden sein können oder auch nicht. Die Teilremission kann als Reaktion auf eine medikamentöse oder andere Behandlung eingetreten sein. Alle definitorischen Anforderungen für eine wahnhafte Störung in Bezug auf Symptome und Dauer wurden zuvor erfüllt. Die Symptome haben sich so weit zurückgebildet, dass keine bedeutsamen Symptome mehr vorhanden sind. Die Remission kann als Reaktion auf eine medikamentöse oder andere Behandlung eingetreten sein.	Eine wahnhafte Störung ist eine Krankheit, bei der jemand einen Wahn hat, der mindestens drei Monate lang anhält und nicht auf eine Depression oder Manie zurückzuführen ist. Der Wahn kann sich auf verschiedene Dinge konzentrieren, aber er bleibt innerhalb eines Menschen gleich. Andere Symptome der Schizophrenie, wie z. B. Halluzinationen oder Verhaltensänderungen, sind nicht vorhanden. Die Sprache, die Affekte und das Verhalten sind normal. Die Krankheit ist nicht auf einen Hirntumor oder eine Substanzvergiftung zurückzuführen. Die Symptome sind jetzt besser geworden oder haben sich ganz verschwunden. Aber noch bleiben einige Symptome, die mit Schwierigkeiten bei der Arbeit oder im Alltag
run_8_BioMistral-7B-SLERP.Q4_K_M.gguf	Eine wahnhafte Störung ist durch die Entwicklung eines Wahnsymptoms oder einer Reihe zusammenhängender Wahnsymptome gekennzeichnet, die in der Regel mindestens drei Monate und oft viel länger anhalten, ohne dass eine depressive, manische oder gemischte Episode vorliegt. Der Inhalt der Wahnvorstellungen variiert von Person zu Person, ist aber in der Regel innerhalb einer Person stabil, auch wenn sie sich im Laufe der Zeit weiterentwickeln können. Andere charakteristische Symptome der Schizophrenie (d. h. deutliche und anhaltende Halluzinationen, Negativsymptome, desorganisiertes Denken oder Beeinflussungserleben) sind nicht vorhanden, obwohl verschiedene Formen von Wahrnehmungsstörungen (z. B. Halluzinationen, Illusionen, Personenverkennung), die thematisch mit dem Wahn zusammenhängen, dennoch mit der Diagnose vereinbar sind. Abgesehen von Handlungen und Einstellungen, die direkt mit der Wahnvorstellung oder dem Wahnsystem zusammenhängen, sind Affekt, Sprache und Verhalten in der Regel nicht beeinträchtigt. Die Symptome sind nicht Ausdruck einer anderen Erkrankung (z. B. eines Hirntumors) und sind nicht auf die Wirkung einer Substanz oder eines Medikaments auf das zentrale Nervensystem (z. B. Kortikosteroide) zurückzuführen, auch nicht auf Entzugserscheinungen (z. B. Alkoholentzug). Alle definitorischen Anforderungen für eine wahnhafte Störung in Bezug auf Symptome und Dauer sind derzeit erfüllt oder wurden innerhalb des letzten Monats erfüllt. Alle definitorischen Anforderungen für eine wahnhafte Störung in Bezug auf Symptome und Dauer wurden zuvor erfüllt. Die Symptome haben sich so weit gebessert, dass die diagnostischen Anforderungen für die Störung seit mindestens einem Monat nicht mehr erfüllt sind, aber einige klinisch bedeutsame Symptome verbleiben, die mit funktionellen Beeinträchtigungen verbunden sein können oder auch nicht. Die Teilremission kann als Reaktion auf eine medikamentöse oder andere Behandlung eingetreten sein. Alle definitorischen Anforderungen für eine wahnhafte Störung in Bezug auf Symptome und Dauer wurden zuvor erfüllt. Die Symptome haben sich so weit zurückgebildet, dass keine bedeutsamen Symptome mehr vorhanden sind. Die Remission kann als Reaktion auf eine medikamentöse oder andere Behandlung eingetreten sein.	Eine wahnhafte Störung ist eine Krankheit, bei der jemand sich über einen längeren Zeitraum von drei Monaten oder mehr eine Wahnvorstellung macht, die nicht auf eine Depression oder Manie zurückzuführen ist. Diese Vorstellung kann sich innerhalb eines Menschen ändern, aber bleibt in der Regel gleich. Andere Symptome wie Halluzinationen oder Personenverkennungen, die mit der Wahnvorstellung zusammenhängen können, sind auch möglich. Diese Symptome sind aber nicht immer vorhanden. Einige Menschen haben auch andere Symptome, wie beispielsweise eine schwere Verhaltensstörung oder eine schwere Sprachstörung. Diese Symptome sind aber nicht immer vorhanden. Es gibt keine anderen Krankheiten oder andere Mittel, die die Symptome verursachen könnten, wie zum
run_9_BioMistral-7B-SLERP.Q4_K_M.gguf	Eine wahnhafte Störung ist durch die Entwicklung eines Wahnsymptoms oder einer Reihe zusammenhängender Wahnsymptome gekennzeichnet, die in der Regel mindestens drei Monate und oft viel länger anhalten, ohne dass eine depressive, manische oder gemischte Episode vorliegt. Der Inhalt der Wahnvorstellungen variiert von Person zu Person, ist aber in der Regel innerhalb einer Person stabil, auch wenn sie sich im Laufe der Zeit weiterentwickeln können. Andere charakteristische Symptome der Schizophrenie (d. h. deutliche und anhaltende Halluzinationen, Negativsymptome, desorganisiertes Denken oder Beeinflussungserleben) sind nicht vorhanden, obwohl verschiedene Formen von Wahrnehmungsstörungen (z. B. Halluzinationen, Illusionen, Personenverkennung), die thematisch mit dem Wahn zusammenhängen, dennoch mit der Diagnose vereinbar sind. Abgesehen von Handlungen und Einstellungen, die direkt mit der Wahnvorstellung oder dem Wahnsystem zusammenhängen, sind Affekt, Sprache und Verhalten in der Regel nicht beeinträchtigt. Die Symptome sind nicht Ausdruck einer anderen Erkrankung (z. B. eines Hirntumors) und sind nicht auf die Wirkung einer Substanz oder eines Medikaments auf das zentrale Nervensystem (z. B. Kortikosteroide) zurückzuführen, auch nicht auf Entzugserscheinungen (z. B. Alkoholentzug). Alle definitorischen Anforderungen für eine wahnhafte Störung in Bezug auf Symptome und Dauer sind derzeit erfüllt oder wurden innerhalb des letzten Monats erfüllt. Alle definitorischen Anforderungen für eine wahnhafte Störung in Bezug auf Symptome und Dauer wurden zuvor erfüllt. Die Symptome haben sich so weit gebessert, dass die diagnostischen Anforderungen für die Störung seit mindestens einem Monat nicht mehr erfüllt sind, aber einige klinisch bedeutsame Symptome verbleiben, die mit funktionellen Beeinträchtigungen verbunden sein können oder auch nicht. Die Teilremission kann als Reaktion auf eine medikamentöse oder andere Behandlung eingetreten sein. Alle definitorischen Anforderungen für eine wahnhafte Störung in Bezug auf Symptome und Dauer wurden zuvor erfüllt. Die Symptome haben sich so weit zurückgebildet, dass keine bedeutsamen Symptome mehr vorhanden sind. Die Remission kann als Reaktion auf eine medikamentöse oder andere Behandlung eingetreten sein.	Eine wahnhafte Störung ist eine Krankheit, bei der jemand einen Wahn hat, der mindestens drei Monate lang anhält und nicht auf eine Depression oder Manie zurückzuführen ist. Ein Wahn ist eine Überzeugung, die nicht mit der Realität übereinstimmt. Die Überzeugungen können sich auf verschiedene Dinge beziehen, etwa auf andere Menschen oder Gegenstände, oder sie können sich auf die eigenen Gefühle oder Erlebnisse beziehen. Andere Symptome wie Halluzinationen oder Verhaltensänderungen sind nicht notwendig, aber sie können vorhanden sein. Ein Wahn kann sich über lange Zeit stabil halten, aber er kann sich auch ändern. Die Krankheit wird nicht durch einen Hirntumor oder andere Krankheiten verursacht, sondern durch ein Problem im
